question,model_answer
Is a Core an anatomical part of an almond?,"No, a core is not an anatomical part of an almond. Almonds consist of a seed encased in a hard shell and a thin outer skin."
Is a Shell an anatomical part of an almond?,"No, a shell is not an anatomical part of an almond. It is the hard outer covering that protects the almond seed inside."
"What is the edibility of an almond's Shell - can it be eaten, should it be avoided or must it be avoided?","An almond's shell is not edible and should be avoided. It is hard, fibrous, and not suitable for consumption."
Is a Peel an anatomical part of an almond?,"No, a peel is not an anatomical part of an almond. It refers to the thin outer skin of the almond seed."
Is a Stem an anatomical part of an almond?,"Yes, the stem is an anatomical part of the almond tree, connecting the almond fruit to the tree. However, the almond itself (the seed) does not have a stem."
"When cutting an almond, what tool should be used?",A sharp knife or an almond slicer should be used to cut an almond.
"When peeling an almond, what tool should be used?",Use your fingers or a small paring knife to peel an almond after blanching it.
Is a Core an anatomical part of an apple?,"Yes, the core is the central part of an apple that contains the seeds."
"What is the edibility of an apple's Core - can it be eaten, should it be avoided or must it be avoided?","An apple core can be eaten, but it is often avoided due to its tough texture and seeds. Apple seeds contain small amounts of amygdalin, which can release cyanide when digested, but the quantity is typically too small to be harmful unless consumed in very large amounts."
Is a Shell an anatomical part of an apple?,"No, a shell is not an anatomical part of an apple. Apples have parts like the skin, flesh, core, and seeds."
Is a Peel an anatomical part of an apple?,"No, a peel is not an anatomical part of an apple; it is the outer skin of the fruit."
"What is the edibility of an apple's Peel - can it be eaten, should it be avoided or must it be avoided?","An apple's peel is edible and can be eaten. It is nutritious and contains fiber, vitamins, and antioxidants. However, washing it thoroughly is recommended to remove any pesticides or contaminants."
Is a Stem an anatomical part of an apple?,"Yes, the stem is an anatomical part of an apple."
"When cutting an apple, what tool should be used?",A knife should be used to cut an apple.
"When peeling an apple, what tool should be used?",A peeler or a paring knife is typically used to peel an apple.
Is a Core an anatomical part of an avocado?,"No, the core is not an anatomical part of an avocado. The central part of an avocado is called the pit or seed."
"What is the edibility of an avocado's Core - can it be eaten, should it be avoided or must it be avoided?",The avocado core (pit) is not toxic but is generally not eaten due to its hard texture and bitter taste. It is best avoided.
Is a Shell an anatomical part of an avocado?,"No, an avocado does not have a shell. It has a skin or rind."
Is a Peel an anatomical part of an avocado?,"No, a peel is not an anatomical part of an avocado; it is the outer skin that protects the fruit."
"What is the edibility of an avocado's Peel - can it be eaten, should it be avoided or must it be avoided?","Avocado peels *can* technically be eaten, but they are generally not palatable due to their tough texture and bitter taste. It is best to avoid eating them."
Is a Stem an anatomical part of an avocado?,"Yes, the stem is an anatomical part of an avocado."
"When cutting an avocado, what tool should be used?",A sharp kitchen knife should be used to cut an avocado.
"When peeling an avocado, what tool should be used?",A spoon is typically used to scoop out the flesh after cutting the avocado in half.
Is a Core an anatomical part of a banana?,"No, a core is not an anatomical part of a banana. Bananas do not have a core like some other fruits (e.g., apples)."
Is a Shell an anatomical part of a banana?,"No, a shell is not an anatomical part of a banana. Bananas have a peel or skin."
Is a Peel an anatomical part of a banana?,"No, a peel is not an anatomical part of a banana; it is the outer skin or covering of the fruit."
"What is the edibility of a banana's Peel - can it be eaten, should it be avoided or must it be avoided?","A banana peel is **edible** and safe to eat, though it is not commonly consumed due to its tough texture and bitter taste. It can be eaten raw, cooked, or blended, but should be washed thoroughly to remove pesticides or contaminants."
Is a Stem an anatomical part of a banana?,"Yes, the stem is an anatomical part of a banana plant."
"When cutting a banana, what tool should be used?",A knife should be used to cut a banana.
"When peeling a banana, what tool should be used?",No tool is needed; use your hands.
Is a Core an anatomical part of a bean?,"No, a core is not an anatomical part of a bean. Beans consist of parts like the seed coat, cotyledons, and embryo."
Is a Shell an anatomical part of a bean?,"No, a shell is not an anatomical part of a bean. Beans have a seed coat, which is part of their anatomy, but ""shell"" typically refers to the outer covering of nuts or other organisms like mollusks."
Is a Peel an anatomical part of a bean?,"No, a peel is not an anatomical part of a bean. The outer covering of a bean is called the seed coat or testa."
Is a Stem an anatomical part of a bean?,"Yes, the stem is an anatomical part of a bean plant."
"When cutting a bean, what tool should be used?",A knife or kitchen scissors should be used to cut a bean.
Is a Core an anatomical part of a cherry?,"No, the core is not an anatomical part of a cherry. The central part of a cherry is called the pit or stone, which contains the seed."
Is a Shell an anatomical part of a cherry?,"No, a shell is not an anatomical part of a cherry. Cherries have a pit (stone) inside, not a shell."
Is a Peel an anatomical part of a cherry?,"No, a peel is not an anatomical part of a cherry. The outer layer of a cherry is called the skin."
Is a Stem an anatomical part of a cherry?,"Yes, the stem is an anatomical part of a cherry."
Is a Core an anatomical part of a citron?,"No, a core is not an anatomical part of a citron. The citron consists of the rind, pulp, and seeds, but it does not have a distinct ""core"" like some other fruits."
Is a Shell an anatomical part of a citron?,"No, a shell is not an anatomical part of a citron."
Is a Peel an anatomical part of a citron?,"Yes, the peel is the outer layer of a citron, but it is not considered an anatomical part in a biological sense. It is a structural component of the fruit."
"What is the edibility of a citron's Peel - can it be eaten, should it be avoided or must it be avoided?","A citron's peel is **edible** and often used in cooking, baking, or candied, but it is quite bitter when raw. It does not need to be avoided."
Is a Stem an anatomical part of a citron?,"Yes, the stem is an anatomical part of a citron, as it connects the fruit to the tree."
"When cutting a citron, what tool should be used?",A sharp kitchen knife should be used to cut a citron.
"When peeling a citron, what tool should be used?",A paring knife or a vegetable peeler is ideal for peeling a citron.
Is a Core an anatomical part of a coconut?,"No, a ""core"" is not an anatomical part of a coconut."
Is a Shell an anatomical part of a coconut?,"No, a shell is not an anatomical part of a coconut. It is the hard outer layer that protects the seed inside."
"What is the edibility of a coconut's Shell - can it be eaten, should it be avoided or must it be avoided?","A coconut shell is not edible and should be avoided due to its hard, fibrous nature, which is indigestible and can cause harm if consumed."
Is a Peel an anatomical part of a coconut?,"No, a peel is not an anatomical part of a coconut. The outer layer of a coconut is called the husk, and beneath it is the hard shell."
Is a Stem an anatomical part of a coconut?,"Yes, the stem is an anatomical part of a coconut plant, connecting the fruit to the tree."
"When cutting a coconut, what tool should be used?","A sharp machete, cleaver, or a heavy-duty chef's knife is ideal for cutting a coconut."
"When peeling a coconut, what tool should be used?",A sturdy knife or a coconut peeler is typically used to peel a coconut.
Is a Core an anatomical part of a cucumber?,"No, a core is not an anatomical part of a cucumber. It is a term used to describe the central part of the cucumber where the seeds are located."
Is a Shell an anatomical part of a cucumber?,"No, a shell is not an anatomical part of a cucumber."
Is a Peel an anatomical part of a cucumber?,"No, a peel is not an anatomical part of a cucumber; it is the outer skin or rind of the cucumber."
"What is the edibility of a cucumber's Peel - can it be eaten, should it be avoided or must it be avoided?",The peel of a cucumber is edible and can be eaten. It is nutritious but should be washed thoroughly to remove any pesticides or wax.
Is a Stem an anatomical part of a cucumber?,"Yes, the stem is an anatomical part of a cucumber plant, connecting the fruit to the plant."
"What is the edibility of a cucumber's Stem - can it be eaten, should it be avoided or must it be avoided?","A cucumber's stem is technically edible but is tough and fibrous, so it is generally avoided due to its unpleasant texture."
"When cutting a cucumber, what tool should be used?",A sharp kitchen knife should be used to cut a cucumber.
"When peeling a cucumber, what tool should be used?",A vegetable peeler.
Is a Core an anatomical part of a kiwi?,"No, a core is not an anatomical part of a kiwi. Kiwis have seeds and flesh, but no distinct ""core"" like some other fruits."
Is a Shell an anatomical part of a kiwi?,"No, a shell is not an anatomical part of a kiwi. Kiwis are birds and do not have shells."
Is a Peel an anatomical part of a kiwi?,"No, a peel is not an anatomical part of a kiwi; it is the outer skin of the fruit."
"What is the edibility of a kiwi's Peel - can it be eaten, should it be avoided or must it be avoided?","The peel of a kiwi is edible and safe to eat. It can be consumed if washed properly, though some people may prefer to avoid it due to its texture."
Is a Stem an anatomical part of a kiwi?,"Yes, the stem is an anatomical part of a kiwi fruit, connecting it to the plant."
"When cutting a kiwi, what tool should be used?","A small, sharp knife is ideal for cutting a kiwi."
"When peeling a kiwi, what tool should be used?",A spoon or a vegetable peeler can be used to peel a kiwi.
Is a Core an anatomical part of a kumquat?,"No, a core is not an anatomical part of a kumquat."
Is a Shell an anatomical part of a kumquat?,"No, a shell is not an anatomical part of a kumquat. Kumquats have a peel, not a shell."
Is a Peel an anatomical part of a kumquat?,"Yes, the peel is the outer skin of a kumquat and is considered part of its anatomy."
"What is the edibility of a kumquat's Peel - can it be eaten, should it be avoided or must it be avoided?",The peel of a kumquat is edible and can be eaten.
Is a Stem an anatomical part of a kumquat?,"Yes, the stem is an anatomical part of a kumquat, as it connects the fruit to the tree."
"When cutting a kumquat, what tool should be used?",A sharp paring knife is ideal for cutting a kumquat.
"When peeling a kumquat, what tool should be used?","A small paring knife or your fingers can be used to peel a kumquat, though the peel is edible and often consumed."
Is a Core an anatomical part of a lemon?,"No, a core is not an anatomical part of a lemon. Lemons do not have a core like some fruits (e.g., apples)."
Is a Shell an anatomical part of a lemon?,"No, a shell is not an anatomical part of a lemon. Lemons have a peel or rind, not a shell."
Is a Peel an anatomical part of a lemon?,"Yes, the peel is the outer layer of a lemon, but it is not considered an anatomical part in biological terms. It is part of the fruit's structure."
"What is the edibility of a lemon's Peel - can it be eaten, should it be avoided or must it be avoided?","A lemon's peel is edible and can be eaten, but it should be washed thoroughly to remove any pesticides or wax."
Is a Stem an anatomical part of a lemon?,"Yes, the stem is an anatomical part of a lemon, connecting the fruit to the tree."
"When cutting a lemon, what tool should be used?",A sharp kitchen knife should be used to cut a lemon.
"When peeling a lemon, what tool should be used?",A vegetable peeler or a paring knife is ideal for peeling a lemon.
Is a Core an anatomical part of a lime?,"No, a ""core"" is not an anatomical part of a lime. Limes typically consist of the peel, pulp, and seeds. ""Core"" is more commonly associated with fruits like apples."
Is a Shell an anatomical part of a lime?,"No, a shell is not an anatomical part of a lime. Limes have a peel or rind, not a shell."
Is a Peel an anatomical part of a lime?,"Yes, the peel is the outer skin of a lime and is considered part of its anatomy."
"What is the edibility of a lime's Peel - can it be eaten, should it be avoided or must it be avoided?","A lime's peel is edible and can be eaten, but it is often bitter. Ensure it is washed thoroughly to remove any pesticides or wax."
Is a Stem an anatomical part of a lime?,"Yes, the stem is an anatomical part of a lime, as it connects the fruit to the tree."
"When cutting a lime, what tool should be used?",A sharp kitchen knife should be used to cut a lime.
"When peeling a lime, what tool should be used?",A zester or a vegetable peeler works best for peeling a lime.
Is a Core an anatomical part of an olive?,"No, the core of an olive is not an anatomical part; it is commonly referred to as the ""pit"" or ""stone,"" which is the seed inside the olive."
"What is the edibility of an olive's Core - can it be eaten, should it be avoided or must it be avoided?","The core (pit) of an olive is not edible and should be avoided, as it is hard and can pose a choking hazard or damage teeth."
Is a Shell an anatomical part of an olive?,"No, a shell is not an anatomical part of an olive. Olives have a pit (stone) and flesh, but no shell."
Is a Peel an anatomical part of an olive?,"No, a peel is not an anatomical part of an olive. It refers to the outer skin or layer of the olive."
Is a Stem an anatomical part of an olive?,"Yes, the stem is an anatomical part of an olive, connecting the fruit to the tree."
"When cutting an olive, what tool should be used?","A small, sharp knife or a paring knife is ideal for cutting an olive."
Is a Core an anatomical part of an orange?,"No, the core is not an anatomical part of an orange. It is a term more commonly associated with fruits like apples. Oranges have segments, membranes, and a central pith."
Is a Shell an anatomical part of an orange?,"No, a shell is not an anatomical part of an orange. The outer layer of an orange is called the peel or rind."
Is a Peel an anatomical part of an orange?,"No, a peel is not an anatomical part of an orange; it is the outer protective layer of the fruit."
"What is the edibility of an orange's Peel - can it be eaten, should it be avoided or must it be avoided?","An orange peel is **edible** and can be eaten, but it is often bitter and tough. It is safe to consume, though washing thoroughly is recommended to remove pesticides or wax."
"What is the edibility of an orange's Peel - can it be eaten, should it be avoided or must it be avoided?","An orange peel is **edible** and can be eaten, but it is often bitter and tough. It is safe to consume, though washing thoroughly is recommended to remove pesticides or wax."
Is a Stem an anatomical part of an orange?,"Yes, the stem is an anatomical part of an orange, as it connects the fruit to the tree."
"When cutting an orange, what tool should be used?",A sharp kitchen knife should be used to cut an orange.
"When cutting an orange, what tool should be used?",A sharp kitchen knife should be used to cut an orange.
"When peeling an orange, what tool should be used?",A paring knife or an orange peeler can be used to peel an orange.
"When peeling an orange, what tool should be used?",A paring knife or a citrus peeler can be used to peel an orange.
Is a Core an anatomical part of a peach?,"No, the core is not an anatomical part of a peach. Peaches have a pit or stone, which is the seed inside the fruit."
"What is the edibility of a peach's Core - can it be eaten, should it be avoided or must it be avoided?","The core of a peach, specifically the pit, should be avoided. It contains a compound that can release cyanide when ingested, which can be harmful in large amounts."
Is a Shell an anatomical part of a peach?,"No, a shell is not an anatomical part of a peach. Peaches have a pit (stone) and a skin, but not a shell."
Is a Peel an anatomical part of a peach?,"No, a peel is not an anatomical part of a peach; it is the outer skin of the fruit."
Is a Stem an anatomical part of a peach?,"Yes, the stem is an anatomical part of a peach."
"When cutting a peach, what tool should be used?",A sharp paring knife or chef's knife is ideal for cutting a peach.
Is a Core an anatomical part of a pepper?,"Yes, the core is the central part of a pepper that contains seeds and connects to the stem."
Is a Shell an anatomical part of a pepper?,"No, a shell is not an anatomical part of a pepper."
Is a Peel an anatomical part of a pepper?,"No, a peel is not an anatomical part of a pepper. It refers to the outer skin or layer of the pepper."
Is a Stem an anatomical part of a pepper?,"Yes, the stem is an anatomical part of a pepper, connecting the fruit to the plant."
"What is the edibility of a pepper's Stem - can it be eaten, should it be avoided or must it be avoided?","A pepper's stem is technically edible but is tough and fibrous, making it unpleasant to eat. It is generally best to avoid consuming it."
"When cutting a pepper, what tool should be used?",A sharp chef's knife should be used to cut a pepper.
Is a Core an anatomical part of a pineapple?,"Yes, the core is the central, fibrous part of a pineapple."
"What is the edibility of a pineapple's Core - can it be eaten, should it be avoided or must it be avoided?","The core of a pineapple is edible and safe to eat. It is tougher and less sweet than the flesh, but it can be consumed raw, cooked, or blended into smoothies."
Is a Shell an anatomical part of a pineapple?,"No, a shell is not an anatomical part of a pineapple."
Is a Peel an anatomical part of a pineapple?,"No, a peel is not an anatomical part of a pineapple. It refers to the outer skin or rind of the fruit."
"What is the edibility of a pineapple's Peel - can it be eaten, should it be avoided or must it be avoided?",The pineapple peel is technically edible but is tough and not palatable. It is generally better to avoid eating it directly due to its texture and potential for irritation.
Is a Stem an anatomical part of a pineapple?,"Yes, the stem is an anatomical part of a pineapple. It supports the fruit and connects it to the plant."
"When cutting a pineapple, what tool should be used?",A sharp chef's knife is ideal for cutting a pineapple.
"When peeling a pineapple, what tool should be used?",A sharp chef's knife or a serrated knife is ideal for peeling a pineapple.
Is a Core an anatomical part of a pumpkin?,"No, ""core"" is not an anatomical part of a pumpkin. The main parts of a pumpkin are the skin, flesh, seeds, pulp, and stem."
Is a Shell an anatomical part of a pumpkin?,"No, a shell is not an anatomical part of a pumpkin. The outer layer of a pumpkin is called the rind."
Is a Peel an anatomical part of a pumpkin?,"No, a peel is not an anatomical part of a pumpkin. It refers to the outer skin of the pumpkin."
"What is the edibility of a pumpkin's Peel - can it be eaten, should it be avoided or must it be avoided?","Pumpkin peel is edible and can be eaten, though its texture may vary depending on the variety and cooking method. It does not need to be avoided unless personal preference or specific dietary restrictions apply."
Is a Stem an anatomical part of a pumpkin?,"Yes, the stem is an anatomical part of a pumpkin."
"When cutting a pumpkin, what tool should be used?","A sharp, sturdy knife or a pumpkin carving tool should be used."
"When peeling a pumpkin, what tool should be used?",A vegetable peeler or a sharp knife can be used to peel a pumpkin.
Is a Core an anatomical part of a strawberry?,"No, a strawberry does not have a core as an anatomical part. The seeds on the outside and the fleshy part are its main components."
Is a Shell an anatomical part of a strawberry?,"No, a shell is not an anatomical part of a strawberry."
Is a Peel an anatomical part of a strawberry?,"No, a strawberry does not have a peel. Its outer layer is edible and part of the fruit itself."
Is a Stem an anatomical part of a strawberry?,"Yes, the stem is an anatomical part of a strawberry."
"What is the edibility of a strawberry's Stem - can it be eaten, should it be avoided or must it be avoided?","The stem of a strawberry can be eaten; it is safe and not harmful, though it may have a tough texture and mild taste."
"When cutting a strawberry, what tool should be used?","A small, sharp knife, such as a paring knife, is ideal for cutting a strawberry."
Is a Core an anatomical part of a squash?,"No, a squash does not have a ""core"" as an anatomical part. The term ""core"" is typically used for fruits like apples. Squash contains seeds and flesh."
Is a Shell an anatomical part of a squash?,"No, a shell is not an anatomical part of a squash. The outer layer of a squash is called the rind or skin."
Is a Peel an anatomical part of a squash?,"No, a peel is not an anatomical part of a squash; it refers to the outer skin or rind of the squash."
"What is the edibility of a squash's Peel - can it be eaten, should it be avoided or must it be avoided?","The edibility of a squash's peel depends on the variety. For softer-skinned squashes like zucchini or delicata, the peel is edible and can be eaten. For harder-skinned squashes like butternut or acorn, the peel is technically edible but often avoided due to its tough texture. It does not need to be strictly avoided unless personal preference or digestion issues arise."
Is a Stem an anatomical part of a squash?,"Yes, the stem is an anatomical part of a squash, connecting the fruit to the plant."
"When cutting a squash, what tool should be used?","A sharp, sturdy chef's knife is ideal for cutting a squash."
"When peeling a squash, what tool should be used?",A vegetable peeler is best for peeling a squash.
Is a Core an anatomical part of a tomato?,"No, the core is not an anatomical part of a tomato; it is a term used to describe the central, fibrous part that is often removed when preparing the fruit."
Is a Shell an anatomical part of a tomato?,"No, a shell is not an anatomical part of a tomato."
Is a Peel an anatomical part of a tomato?,"No, a peel is not an anatomical part of a tomato; it is the outer skin or covering of the fruit."
"What is the edibility of a tomato's Peel - can it be eaten, should it be avoided or must it be avoided?",The peel of a tomato is edible and safe to eat.
Is a Stem an anatomical part of a tomato?,"Yes, the stem is an anatomical part of a tomato plant."
"What is the edibility of a tomato's Stem - can it be eaten, should it be avoided or must it be avoided?","The stem of a tomato should be avoided, as it contains small amounts of toxic compounds like solanine and tomatine, which can be harmful if consumed in large quantities."
"When cutting a tomato, what tool should be used?",A serrated knife is ideal for cutting a tomato.
"When quartering a specific fruit or vegetable, where should the knife be placed - in the middle or at the end of the object?",The knife should be placed in the middle of the fruit or vegetable to quarter it evenly.
"When quartering a specific fruit or vegetable, what other cutting task - if any - should be executed before?","Before quartering, it is often necessary to wash the fruit or vegetable and, if applicable, remove any stems, leaves, or inedible parts."
"When quartering a specific fruit or vegetable, how many cuts need to be made - exactly one or more than one?",More than one.
"When quartering a specific fruit or vegetable, what is form of the input to perform the action on?",The input is typically a whole fruit or vegetable.
"When quartering a specific fruit or vegetable, what is form and amount of the resulting pieces?","Quartering a fruit or vegetable involves cutting it into four equal parts, resulting in four wedge-shaped or similarly sized pieces, depending on the item's shape."
"When julienning a specific fruit or vegetable, where should the knife be placed - in the middle or at the end of the object?","The knife should be placed at the end of the fruit or vegetable to create uniform, thin strips when julienning."
"When julienning a specific fruit or vegetable, what other cutting task - if any - should be executed before?","Before julienning, the fruit or vegetable is typically peeled (if necessary) and cut into manageable, flat pieces to ensure stability and uniformity during slicing."
"When julienning a specific fruit or vegetable, how many cuts need to be made - exactly one or more than one?",More than one.
"When julienning a specific fruit or vegetable, what is form of the input to perform the action on?","The input should be a firm, evenly shaped fruit or vegetable, typically peeled and trimmed, to create uniform, thin matchstick-like strips."
"When julienning a specific fruit or vegetable, what is form and amount of the resulting pieces?","Julienning produces thin, uniform matchstick-like strips, typically about 1/8 inch wide and 2-3 inches long."
"When halving a specific fruit or vegetable, where should the knife be placed - in the middle or at the end of the object?","The knife should generally be placed in the middle of the fruit or vegetable to ensure even halves, unless a specific recipe or purpose requires otherwise."
"When halving a specific fruit or vegetable, how many cuts need to be made - exactly one or more than one?","To halve a specific fruit or vegetable, exactly one cut is needed."
"When halving a specific fruit or vegetable, what is form of the input to perform the action on?","The input is the whole, uncut fruit or vegetable."
"When halving a specific fruit or vegetable, what is form and amount of the resulting pieces?","When halving a fruit or vegetable, the form of the resulting pieces is typically two equal halves, and the amount is two pieces."
"When dicing a specific fruit or vegetable, where should the knife be placed - in the middle or at the end of the object?","It depends on the fruit or vegetable and the desired cut. Generally, start in the middle for larger items (e.g., melons) or at the end for smaller, elongated items (e.g., carrots)."
"When dicing a specific fruit or vegetable, what other cutting task - if any - should be executed before?","Before dicing, peeling and trimming (removing ends or inedible parts) should typically be executed, if necessary for the specific fruit or vegetable."
"When dicing a specific fruit or vegetable, how many cuts need to be made - exactly one or more than one?","It depends on the fruit or vegetable and the desired size of the dice. Typically, more than one cut is needed to achieve a diced result."
"When dicing a specific fruit or vegetable, what is form of the input to perform the action on?","The input is the whole or peeled fruit/vegetable, cleaned and ready for cutting."
"When dicing a specific fruit or vegetable, what is form and amount of the resulting pieces?","When dicing, the fruit or vegetable is cut into small, uniform cubes, typically about 1/4 to 1/2 inch in size, depending on the recipe or preference."
"When cutting a specific fruit or vegetable, where should the knife be placed - in the middle or at the end of the object?","It depends on the fruit or vegetable and the desired cut. Generally, place the knife in the middle for halving or at the end for trimming or slicing."
"When cutting a specific fruit or vegetable, how many cuts need to be made - exactly one or more than one?","It depends on the specific fruit or vegetable and the desired outcome. Some may require only one cut (e.g., halving an apple), while others may need multiple cuts (e.g., dicing an onion)."
"When cutting a specific fruit or vegetable, what is form of the input to perform the action on?","The input is the whole, uncut fruit or vegetable."
"When cutting a specific fruit or vegetable, what is form and amount of the resulting pieces?","The form and amount of resulting pieces depend on the type of fruit or vegetable, the cutting technique (e.g., slicing, dicing, chopping), and the desired size. For example, slicing a cucumber results in circular pieces, while dicing an onion produces small, uniform cubes."
"When slicing a specific fruit or vegetable, where should the knife be placed - in the middle or at the end of the object?","It depends on the fruit or vegetable and the desired cut. Generally, place the knife in the middle for halving or at the end for trimming or specific cuts."
"When slicing a specific fruit or vegetable, how many cuts need to be made - exactly one or more than one?","It depends on the fruit or vegetable and the desired outcome. Typically, at least **one cut** is needed, but often **more than one** is required for specific slicing or portioning."
"When slicing a specific fruit or vegetable, what is form of the input to perform the action on?",The input is the whole fruit or vegetable.
"When slicing a specific fruit or vegetable, what is form and amount of the resulting pieces?","The form and amount of the resulting pieces depend on the type of fruit or vegetable, the slicing technique, and the desired size. For example, slicing can produce thin slices, wedges, cubes, or julienne strips, and the amount varies based on the size of the original item and thickness of the slices."
"When snipping a specific fruit or vegetable, where should the knife be placed - in the middle or at the end of the object?","It depends on the fruit or vegetable and the desired cut. Generally, place the knife where it allows for the most control and precision, often starting at the middle or end based on the shape and size."
"When snipping a specific fruit or vegetable, how many cuts need to be made - exactly one or more than one?","It depends on the specific fruit or vegetable and the desired outcome. Some may require exactly one cut (e.g., slicing an apple in half), while others may need multiple cuts (e.g., dicing an onion)."
"When snipping a specific fruit or vegetable, what is form of the input to perform the action on?","The input is typically the physical form of the fruit or vegetable, such as whole, sliced, or in its natural state, depending on the specific action or tool being used for snipping."
"When snipping a specific fruit or vegetable, what is form and amount of the resulting pieces?","The form and amount of resulting pieces depend on the fruit or vegetable and the method of snipping. Typically, snipping produces small, uniform pieces, such as segments, strips, or chunks, depending on the size and texture of the item being cut."
"When slivering a specific fruit or vegetable, where should the knife be placed - in the middle or at the end of the object?","The knife should typically be placed at the end of the fruit or vegetable to create thin, controlled slices."
"When slivering a specific fruit or vegetable, how many cuts need to be made - exactly one or more than one?",More than one.
"When slivering a specific fruit or vegetable, what is form of the input to perform the action on?",The input is typically a whole or large piece of the fruit or vegetable.
"When slivering a specific fruit or vegetable, what is form and amount of the resulting pieces?","Slivering a fruit or vegetable results in thin, narrow strips. The amount depends on the size of the original item and how finely it is cut."
"When sawing a specific fruit or vegetable, where should the knife be placed - in the middle or at the end of the object?","It depends on the fruit or vegetable and the desired cut. Generally, place the knife in the middle for halving or at the end for slicing."
"When sawing a specific fruit or vegetable, how many cuts need to be made - exactly one or more than one?","It depends on the fruit or vegetable and the desired outcome. Some may require exactly one cut (e.g., halving an apple), while others may need more than one (e.g., dicing a carrot)."
"When sawing a specific fruit or vegetable, what is form of the input to perform the action on?","The input is the whole fruit or vegetable, typically placed on a stable surface for safe and precise sawing."
"When sawing a specific fruit or vegetable, what is form and amount of the resulting pieces?","The form and amount of the resulting pieces depend on the type of fruit or vegetable, the cutting technique, and the desired size. For example, slicing a cucumber may result in thin, round pieces, while dicing an onion produces small, cube-like pieces."
"When paring a specific fruit or vegetable, where should the knife be placed - in the middle or at the end of the object?","It depends on the fruit or vegetable and the desired cut. Generally, start at the end for peeling or trimming, and in the middle for halving or segmenting."
"When paring a specific fruit or vegetable, how many cuts need to be made - exactly one or more than one?","It depends on the fruit or vegetable and the desired outcome, but typically, paring requires more than one cut to remove the skin or outer layer."
"When paring a specific fruit or vegetable, what is form of the input to perform the action on?","The input is typically the whole, unpeeled fruit or vegetable."
"When paring a specific fruit or vegetable, what is form and amount of the resulting pieces?","The form and amount of resulting pieces depend on the fruit or vegetable and the method of paring. Typically, paring removes the outer skin or peel, resulting in thin strips or small scraps, with the amount varying based on the size of the produce and thickness of the peel removed."
"When carving a specific fruit or vegetable, where should the knife be placed - in the middle or at the end of the object?","It depends on the fruit or vegetable and the desired outcome. Generally, place the knife in the middle for halving or at the end for trimming or shaping."
"When carving a specific fruit or vegetable, how many cuts need to be made - exactly one or more than one?",It depends on the design and complexity of the carving. Most carvings require more than one cut.
"When carving a specific fruit or vegetable, what is form of the input to perform the action on?","The input is the whole, uncarved fruit or vegetable."
"When carving a specific fruit or vegetable, what is form and amount of the resulting pieces?","The form and amount of resulting pieces depend on the type of fruit or vegetable, the carving technique, and the intended design. For example, carving a pumpkin may result in large hollowed-out sections, while carving a carrot might produce small, intricate shapes."
"When mincing a specific fruit or vegetable, where should the knife be placed - in the middle or at the end of the object?","The knife should generally be placed in the middle of the fruit or vegetable to create a stable base, then proceed to mince evenly."
"When mincing a specific fruit or vegetable, what other cutting task - if any - should be executed before?","Peeling or removing seeds, if necessary, should be done before mincing a fruit or vegetable."
"When mincing a specific fruit or vegetable, how many cuts need to be made - exactly one or more than one?",More than one.
"When mincing a specific fruit or vegetable, what is form of the input to perform the action on?","The input is typically the whole or peeled fruit or vegetable, prepared and ready for cutting."
"When mincing a specific fruit or vegetable, what is form and amount of the resulting pieces?","Mincing results in very small, finely chopped pieces of the fruit or vegetable, typically uniform in size, around 1-2 millimeters."
"When cubing a specific fruit or vegetable, where should the knife be placed - in the middle or at the end of the object?",The knife should typically be placed in the middle of the fruit or vegetable to create even halves before further cutting into cubes.
"When cubing a specific fruit or vegetable, what other cutting task - if any - should be executed before?","Before cubing a fruit or vegetable, peeling and trimming (removing ends or inedible parts) are often necessary tasks, depending on the type of produce."
"When cubing a specific fruit or vegetable, how many cuts need to be made - exactly one or more than one?",More than one.
"When cubing a specific fruit or vegetable, what is form of the input to perform the action on?","The input is typically the whole fruit or vegetable, cleaned and peeled if necessary, ready to be cut into cube-shaped pieces."
"When cubing a specific fruit or vegetable, what is form and amount of the resulting pieces?","When cubing a fruit or vegetable, the result is small, uniform cube-shaped pieces. The size and amount depend on the original size of the item and the desired cube dimensions (e.g., small dice, medium dice, or large dice)."
"When chopping a specific fruit or vegetable, where should the knife be placed - in the middle or at the end of the object?","It depends on the fruit or vegetable and the desired cut. Generally, place the knife in the middle for halving or at the end for trimming."
"When chopping a specific fruit or vegetable, what other cutting task - if any - should be executed before?","This depends on the specific fruit or vegetable. Generally, tasks like washing, peeling, or removing seeds/stems should be done before chopping, if required."
"When chopping a specific fruit or vegetable, how many cuts need to be made - exactly one or more than one?","It depends on the specific fruit or vegetable and the desired preparation. Some may require only one cut (e.g., halving an avocado), while others may need multiple cuts (e.g., dicing an onion)."
"When chopping a specific fruit or vegetable, what is form of the input to perform the action on?",The input is the whole or unprocessed form of the specific fruit or vegetable.
"When chopping a specific fruit or vegetable, what is form and amount of the resulting pieces?","The form and amount of the resulting pieces depend on the specific fruit or vegetable, the cutting technique (e.g., dicing, slicing, julienning), and the desired size."
"When dividing a specific fruit or vegetable, where should the knife be placed - in the middle or at the end of the object?","It depends on the fruit or vegetable and the desired outcome. Generally, place the knife in the middle for equal halves or at the end for trimming or specific cuts."
"When dividing a specific fruit or vegetable, how many cuts need to be made - exactly one or more than one?","It depends on how many pieces you want. If you want two pieces, exactly one cut is needed. For more than two pieces, more than one cut is required."
"When dividing a specific fruit or vegetable, what is form of the input to perform the action on?",The input is typically the whole fruit or vegetable.
"When dividing a specific fruit or vegetable, what is form and amount of the resulting pieces?","The form and amount of resulting pieces depend on the method and purpose of division. For example:

- **Halving**: Two equal parts.
- **Slicing**: Multiple thin, flat pieces.
- **Dicing**: Small, cube-shaped pieces.
- **Chopping**: Irregularly shaped pieces of varying size.
- **Quartering**: Four equal parts.

The exact outcome varies based on the fruit or vegetable and the cutting technique used."
